{"cN0J8aPlXepCZWvsbOizYQ==":"8d9032c57c7e03d0493c336778ab142d0e546ce8-500x357.jpg","JXHEo3puE3L8iZ3gbNOF5Q==":"revital-sh-634x423.jpg","lDTqbrdBJg7obzh54FAbPA==":"at_medamienet_master-500x790.jpg","EuoZGQLPZLZVHYxrlDEHmA==":"711saqyf08l._sy600_-378x483.jpg","53eFn+eJ93xd566zdxRplw==":"-e1527607083269_wo_500-446-500x446.jpg","dVk1Kqyg5njg5rIXGrP58g==":"logo1.png","Wx9Vc9XZWiH7ROfX8VqnTQ==":"%D7%AA%D7%9E%D7%95%D7%A0%D7%AA%20%D7%A4%D7%A8%D7%95%D7%A4%D7%99%D7%9C%20%D7%93%D7%A0%D7%94%20-%20copy-210x210.jpg","mDtlMkq/NRhBX+VM/zNUDA==":"%D7%AA%D7%9E%D7%95%D7%A0%D7%AA%20%D7%A4%D7%A8%D7%95%D7%A4%D7%99%D7%9C%20%D7%93%D7%A0%D7%94-960x643.jpg","O8bWOUGKZ8LmbCCkJGafbQ==":"%D7%93%D7%A0%D7%94%203-500x357.jpeg","fxmPtSKMz5r8Bg/1q1Njfg==":"%D7%93%D7%A0%D7%94%203-500x357.jpg","aR2xJv5pWjLikFJ4CtjdJA==":"%D7%AA%D7%9E%D7%95%D7%A0%D7%AA%20%D7%A4%D7%A8%D7%95%D7%A4%D7%99%D7%9C%20%D7%93%D7%A0%D7%94-960x643.jpeg","Si5K0asQtYhSreDHpeghLg==":"mbr-1920x1357.jpg","RS1pjGhPJg41BUlOKBPZNQ==":"mbr-1920x1280.jpg","8rqq61rlTLmXjip8s92U0w==":"mbr-1357x1920.jpg","GfG4n9GqxkAYgZgp+wzdOw==":"mbr-1920x1920.jpg","FKC9YCnGOxD7oNB7A/rzdA==":"24.jpg","LZrCL+1TodNVvQ+jrSh7Pw==":"37.jpg","jcOgjNpbwa5Gw+Ra9Iqdog==":"36.jpg","atK0W2jIUVP3drxLWZaH4g==":"35.jpg","aJJ2Uj6JWi/OkRNsYheLLw==":"38.jpg","T6QFwBTwMPyEeMlnGBiFlQ==":"mbr-1-1920x1357.jpg","H/uC6eGwAiW81Jv3AjUvHA==":"mbr-1920x1920.png","tfVUnIzIlQvoiciaTIGhIA==":"mbr-1-1920x1280.jpg","ramlzjfPnlDwl2zTxUWpKA==":"revital-sh-512x512.png","rq/gUcVQrT5Q+SNKyGchpA==":"91afa42f7d11bf658fa84261ea24e56551b5be4a-634x423.jpg","gEnVl6cTJbPFynuGsweLRA==":"91afa42f7d11bf658fa84261ea24e56551b5be4a-500x357.jpg","8nwPhohP6SicI7Lsg/uN6A==":"background13.jpg","/bTPa3tAj5AGYPvPCQpZfA==":"background1.jpg","DLe1usAYt1mea7M+8KHAKw==":"background1-1.jpg","MfO7ibuGoYK3hcH56agPUA==":"thumbnail_e7ab5902a56848a5b4a9a62e25b0662d-600x400.jpg","22xaxDbedt+0ETGf8UXNDw==":"screen%20shot%202022-02-27%20at%2015.00.24-653x1159.png","iSntad9o7NfyZH1s/o1abg==":"screen%20shot%202022-02-27%20at%2015.00.24-908x1612.png","ydTLULiI50T2gk2u8v6NgQ==":"39-3.jpg","Jd7JkE1mMp+W/nr5kRlPBQ==":"38-2.jpg","SPsG5ogdzSk1xAwSiND9TA==":"35-1.jpg","AGJ5xyWe4P2ifiQxtiLjDA==":"39-4.jpg","DEpZK1Bm8ljMIQgnyNQUbw==":"mbr-376x376.png","icumemh7mUO2N9JBPE2scA==":"mbr-376x262.png","vF2ZKV8lUS/bcOs79egDyw==":"mbr-430x258.jpg","gl3qd6Wo04cxrtq4mxeHCQ==":"mbr-376x249.jpg","4mwg2WcdgZ3nm+qvaRJ7dQ==":"mbr-376x247.jpg","6aEU+xVjFyKhzL2aMewY9w==":"mbr-430x287.jpg"}